<?xml version="1.0" encoding="utf-8"?>
<!DOCTYPE hibernate-configuration PUBLIC
"-//Hibernate/Hibernate Configuration DTD 3.0//EN"
"http://hibernate.sourceforge.net/hibernate-configuration-3.0.dtd">
<hibernate-configuration>
	<session-factory>

		<property name="connection.url">jdbc:mariadb://localhost:3306/test</property>
		<property name="connection.username">admin</property>
		<!-- <property name="connection.password">my-secret-pw</property> -->
		<property name="connection.driver_class">org.mariadb.jdbc.Driver</property>
		<property name="dialect">org.hibernate.dialect.MySQLDialect</property>

		<property name="show_sql">true</property>

		<property name="format_sql">true</property>
		<property name="hbm2ddl.auto">create</property>


		<mapping class="com.dbs.cst.ircp.models.IRASDetailsInput" />
		<mapping class="com.dbs.cst.ircp.models.IRASHeaderInput" />

	</session-factory>
</hibernate-configuration>